Applicable Machine,Part Name,Part Number,SKU,Description
Universal,Control Unit 8909 - Universal,3100000372,MCU-8909-US,Control Unit 8909 - Universal
Universal,Control Unit A64 - Universal,3100000116,MCU-A64-US,Control Unit A64 - Universal
DC-620ZS,Control Unit A64 V5.2 - Max 620S,3100000110,MCU-A64-V5.2-US,Control Unit A64 V5.2 - Max 620S
Universal,Adyen POS Terminal,3101000205,POS-ADYEN-US,Adyen POS Terminal
All Single Door,Nayax POS Terminal Assembly - Single-Door Models,3100000318,POS-ADYEN-ASSY-US,Nayax POS Terminal Assembly - Single-Door Models
Universal,PAX POS Terminal (Card reader only) - Universal,3101000120,POS-PAX-US,PAX POS Terminal (Card reader only) - Universal
DC-1200Z,Cabinet Lock - Ultra 1200,3101000152,LOCK-1200Z-DD,Cabinet Lock - Ultra 1200
All Single Door,Cabinet Lock - Single-Door Models,3101000156,LOCK-SD,Cabinet Lock - Single-Door Models
Universal,UPS Battery Assembly - Universal,3101000144,UPS-ASSY,UPS Battery Assembly - Universal
Universal,UPS Battery Adapter Cable - Universal,3500000026,UPS-CONV-3-2PIN,UPS Battery Adapter Cable - Universal
Universal,DC Power Adapter 4A - Mini 360/Plus 440/Freezer 550/Max 620/Max 660/Ultra 1200,3101000096,PWR-ADPT-4A,DC Power Adapter 4A - Mini 360/Plus 440/Freezer 550/Max 620/Max 660/Ultra 1200
DC-620ZS,DC Power Adapter 7A - Max 620S,3101000095,PWR-ADPT-620ZS-7A,DC Power Adapter 7A - Max 620S
Universal,DC Power Splitter Cable - Universal,3500000100,PWR-CBL-SPLIT-1TO2,DC Power Splitter Cable - Universal
Universal,POS 8-Pin Network Cable - Universal,3101000026,POS-NET-CBL-8P,POS 8-Pin Network Cable - Universal
Universal,4G LTE Copper Antenna - Universal,3101000017,ANT-4GLTE-COPPER,4G LTE Copper Antenna - Universal
Universal,Thermostat - Universal,3101000169,THERM-ECS180PW,Thermostat - Universal
All Single Door,Nayax POS Display - Single-Door Models,3101000021,POS-DISP-NAYAX-5IN,Nayax POS Display - Single-Door Models
Universal,Cellular Module - Universal,3100000378,CELL-MOD-YF325,Cellular Module - Universal
DC-620ZS,Ad Screen Module - Max 620S,3101000010,AD-SCRN-620ZS-29IN,Ad Screen Module - Max 620S
DC-1200Z,POS Conversion Kit - Ultra 1200,INTERNAL,POS-CONV-KIT-1200SC-TBC,POS Conversion Kit - Ultra 1200
Universal,SIM Card VB - Universal,3100000335,SIM-B-US,SIM Card VB - Universal
Universal,SIM Card VO - Universal,INTERNAL,SIM-OPT-US,SIM Card VO - Universal
Universal,SIM Card VK - O - Universal,INTERNAL TEST,SIM-KORE-O-US,SIM Card VK - O - Universal
All Single Door,Camera - Left - Single-Door Models,3100000234,CAM-SD-MAIN-R,Camera - Left - Single-Door Models
All Single Door,Camera-  Right - Single-Door Models,3100000213,CAM-SD-AUX-L,Camera-  Right - Single-Door Models
DC-1200Z,Camera - Right Door - Left - Ultra 1200,3100000218,CAM-1200Z-RD-MAIN-L,Camera - Right Door - Left - Ultra 1200
DC-1200Z,Camera - Right Door - Right - Ultra 1200,3100000219,CAM-1200Z-RD-AUX-R,Camera - Right Door - Right - Ultra 1200
DC-1200Z,Camera - Left Door - Right - Ultra 1200,3100000249,CAM-1200Z-LD-MAIN-R,Camera - Left Door - Right - Ultra 1200
DC-1200Z,Camera - Left Door - Left - Ultra 1200,3100000241,CAM-1200Z-LD-AUX-L,Camera - Left Door - Left - Ultra 1200
DC-1200Z,Camera Kit - Right Door - Left - Ultra 1200,,CAM-1200Z-RD-MAIN-L-V2,Camera Kit - Right Door - Left - Ultra 1200
DC-1200Z,Camera Kit - Right Door - Right - Ultra 1200,,CAM-1200Z-RD-AUX-R-V2,Camera Kit - Right Door - Right - Ultra 1200
DC-1200Z,Camera Kit - Left Door - Right - Ultra 1200,,CAM-1200Z-LD-MAIN-R-V2,Camera Kit - Left Door - Right - Ultra 1200
DC-1200Z,Camera Kit - Left Door - Left - Ultra 1200,,CAM-1200Z-LD-AUX-L-V2,Camera Kit - Left Door - Left - Ultra 1200
All Single Door,Adyen Mounting Bracket Kit - Single-Door Models,INTERNAL,BRKT-ADYEN-SD-CBL-KIT,Adyen Mounting Bracket Kit - Single-Door Models
All Single Door,Adyen Retrofit Mounting Bracket Kit - Single-Door Models,INTERNAL,BRKT-ADYEN-SD-RFT-CBL-KIT,Adyen Retrofit Mounting Bracket Kit - Single-Door Models
All Single Door,Adyen Mounting Bracket - Single-Door Models,INTERNAL,BRKT-ADYEN-SD,Adyen Mounting Bracket - Single-Door Models
"DC-440D,DD-550D,DC-542D",Lock Bracket - Plus 440D/Freezer 550/Pro 542,3401000055,LOCK-BRKT-D-SERIES-SD,Lock Bracket - Plus 440D/Freezer 550/Pro 542
"DC-360Z,DC-440Z,DC-620Z,DC-620ZS,DC-660Z",Lock Bracket - Mini 360/Plus 440Z/Max 620/Max 620S/Max 660,3401000245,LOCK-BRKT-Z-SERIES-SD,Lock Bracket - Mini 360/Plus 440Z/Max 620/Max 620S/Max 660
DC-360Y,Filter Holder - Mini 360,INTERNAL,FILTER-HLDR-360Y-TBC,Filter Holder - Mini 360
"DC-360Z,DC-440Z,DC-620Z,DC-620ZS,DC-660Z",Door Hinge - Upper - Mini 360/Plus 440Z/Max 620/Max 620S/Max 660,3401000141,HINGE-Z-SERIES-UPPER,Door Hinge - Upper - Mini 360/Plus 440Z/Max 620/Max 620S/Max 660
DD-550D,Door Hinge - Upper - Freezer 550,3401000123,HINGE-550D-UPPER,Door Hinge - Upper - Freezer 550
DC-542D,Door Hinge - Upper - Pro 542,3401000111,HINGE-542D-UPPER,Door Hinge - Upper - Pro 542
DC-1200Z,Door Hinge - Upper Left - Ultra 1200,3401000127,HINGE-1200Z-UL,Door Hinge - Upper Left - Ultra 1200
DC-1200Z,Door Hinge - Upper Right - Ultra 1200,3401000128,HINGE-1200Z-UR,Door Hinge - Upper Right - Ultra 1200
"DC-360Z,DC-440Z,DC-620Z,DC-620ZS,DC-660Z",Accessory Kit - Mini 360/Plus 440Z/Max 620/Max 620S/Max 660,3100000313,ACC-KIT-Z-SERIES-SD,Accessory Kit - Mini 360/Plus 440Z/Max 620/Max 620S/Max 660
"DC-440D,DC-542D,DD-550D",Accessory Kit - Plus 440D/Pro 542/Freezer 550,3100000312,ACC-KIT-D-SERIES-SD,Accessory Kit - Plus 440D/Pro 542/Freezer 550
DC-1200Z,Accessory Kit - Ultra 1200,3100000311,ACC-KIT-1200Z-DD,Accessory Kit - Ultra 1200
"DC-360Z,DC-440Z,DC-620Z,DC-620ZS,DC-660Z",Anti-Theft Metal Guard Panel - Mini 360/Plus 440Z/Max 620/Max 620S/Max 660,3401000120,ANTI-THEFT-GUARD-Z-SD,Anti-Theft Metal Guard Panel - Mini 360/Plus 440Z/Max 620/Max 620S/Max 660
"DC-440D,DC-542D,DD-550D",Anti-Theft Metal Guard Panel - Plus 440D/Pro 542/Freezer 550,3401000134,ANTI-THEFT-GUARD-D-SD,Anti-Theft Metal Guard Panel - Plus 440D/Pro 542/Freezer 550
All Single Door,Door Handle - Single-Door Models,3401000110,HANDLE-SD,Door Handle - Single-Door Models
"DC-360Y,DC-360Z",Divider - Mini 360,3401000005,DIVIDER-360,Divider - Mini 360
DC-440D,Divider - Plus 440D,3401000011,DIVIDER-440D,Divider - Plus 440D
DC-440Z,Divider - Plus 440Z,3402000108,DIVIDER-440Z,Divider - Plus 440Z
DC-542D,Divider - Pro 542,3401000075,DIVIDER-542D,Divider - Pro 542
Universal,Price Tag - Universal,3601000050,PRICE-TAG,Price Tag - Universal
"DC-360Z,DC-360Y",Drink Pusher V1.1 - Mini 360,3100000433,PUSHER-DRINK-360Z-V1.1,Drink Pusher V1.1 - Mini 360
DC-440Z,Drink Pusher V1.1 - Plus 440,3100000435,PUSHER-DRINK-440Z-V1.1,Drink Pusher V1.1 - Plus 440
DC-542D,Drink Pusher V1.1 - Pro 542,3100000436,PUSHER-DRINK-542D-V1.1,Drink Pusher V1.1 - Pro 542
DD-550D,Drink Pusher V1.1 - Freezer 550,3100000438,PUSHER-DRINK-550D-V1.1,Drink Pusher V1.1 - Freezer 550
DC-1200Z,Drink Pusher V1.1 - Ultra 1200,3100000432,PUSHER-DRINK-1200Z-V1.1,Drink Pusher V1.1 - Ultra 1200
"DC-360Z,DC-360Y",Snack Pusher - Mini 360,3100000159,PUSHER-SNACK-360Z,Snack Pusher - Mini 360
DC-440Z,Snack Pusher - Plus 440,3100000280,PUSHER-SNACK-440Z,Snack Pusher - Plus 440
DC-542D,Snack Pusher - Pro 542,3100000157,PUSHER-SNACK-542D,Snack Pusher - Pro 542
"DC-620ZS,DC-620Z",Snack Pusher - Max 620/Max 620S,3100000298,PUSHER-SNACK-620Z-ZS,Snack Pusher - Max 620/Max 620S
DC-1200Z,Snack Pusher - Ultra 1200,3100000300,PUSHER-SNACK-1200Z,Snack Pusher - Ultra 1200
"DC-360Z,DC-360Y",Drink Pusher - Mini 360,3100000155,PUSHER-DRINK-360Z,Drink Pusher - Mini 360
DC-440Z,Drink Pusher - Plus 440,3100000290,PUSHER-DRINK-440Z,Drink Pusher - Plus 440
DC-542D,Drink Pusher - Pro 542,3100000158,PUSHER-DRINK-542D,Drink Pusher - Pro 542
DD-550D,Drink Pusher - Freezer 550,3100000285,PUSHER-DRINK-550D,Drink Pusher - Freezer 550
"DC-620Z,DC-620ZS",Drink Pusher - Max 620/Max 620S,3100000277,PUSHER-DRINK-620Z-ZS,Drink Pusher - Max 620/Max 620S
DC-1200Z,Drink Pusher - Ultra 1200,3100000276,PUSHER-DRINK-1200Z,Drink Pusher - Ultra 1200
"DC-360Z,DC-360Y",Shelf - Mini 360,3401000079,SHELF-360Z-Y,Shelf - Mini 360
DC-440D,Shelf - Plus 440D,3401000166,SHELF-440D,Shelf - Plus 440D
DC-440Z,Shelf - Plus 440Z,3401000167,SHELF-440Z,Shelf - Plus 440Z
DC-542D,Shelf - Pro 542,3401000168,SHELF-542D,Shelf - Pro 542
DD-550D,Shelf - Freezer 550,3401000170,SHELF-550D,Shelf - Freezer 550
"DC-620ZS,DC-620Z",Shelf - Max 620/Max 620S,3401000169,SHELF-620Z-ZS,Shelf - Max 620/Max 620S
DC-1200Z,Shelf - Ultra 1200,3401000171,SHELF-1200Z,Shelf - Ultra 1200
"DC-360Y,DC-360Z",Door Gasket - Mini 360,3402000076,DOORSEAL-360Z-Y,Door Gasket - Mini 360
DC-440D,Door Gasket - Plus 440D,3402000102,DOORSEAL-440D,Door Gasket - Plus 440D
DC-440Z,Door Gasket - Plus 440Z,3402000192,DOORSEAL-440Z,Door Gasket - Plus 440Z
DC-542D,Door Gasket - Pro 542,3402000103,DOORSEAL-542D,Door Gasket - Pro 542
DD-550D,Door Gasket - Freezer 550,3402000112,DOORSEAL-550D,Door Gasket - Freezer 550
"DC-620Z,DC-620ZS",Door Gasket - Max 620/Max 620S,3402000077,DOORSEAL-620Z-ZS,Door Gasket - Max 620/Max 620S
DC-1200Z,Door Gasket - Ultra 1200,3402000078,DOORSEAL-1200Z,Door Gasket - Ultra 1200
"DC-440D,DC-542D","Caster - 2"" Braked Nylon Swivel - Plus 440D/Pro 542",3401000004,WHEEL-440D-542D-2IN-BRK,"Caster - 2"" Braked Nylon Swivel - Plus 440D/Pro 542"
DD-550D,"Caster - 3"" Braked Swivel - Freezer 550",3401000007,WHEEL-550D-3IN-BRK,"Caster - 3"" Braked Swivel - Freezer 550"
"DC-360Z,DC-360Y,DC-440Z,DC-620Z,DC-620ZS,DC-660Z,DC-1200Z","Caster - 1.5"" Braked Swivel - Mini360/Plus 440Z/Max 620/Max 620S/Max 660/Ultra 1200",3401000022,WHEEL-Z-SERIES-1.5IN-BRK,"Caster - 1.5"" Braked Swivel - Mini360/Plus 440Z/Max 620/Max 620S/Max 660/Ultra 1200"
"DC-360Z,DC-360Y",Evaporator Coil - Mini 360,3101000240,EVAP-COIL-360Z,Evaporator Coil - Mini 360
DC-440D,Evaporator Coil - Plus 440D,3101000221,EVAP-COIL-440D,Evaporator Coil - Plus 440D
DD-550D,Evaporator Coil - Pro 542,3401000109,EVAP-COIL-542D,Evaporator Coil - Pro 542
DD-550D,Evaporator Coil - Freezer 550,3101000227,EVAP-COIL-550D,Evaporator Coil - Freezer 550
"DC-440Z,DC-620Z,DC-620ZS,DC-660Z",Evaporator Coil - Plus 440Z/Max 620/Max 620S/Max 660,3101000254,EVAP-COIL-440Z/620Z/620ZS/660Z,Evaporator Coil - Plus 440Z/Max 620/Max 620S/Max 660
DC-1200Z,Evaporator Coil - Ultra 1200,3101000232,EVAP-COIL-1200Z,Evaporator Coil - Ultra 1200
"DC-360Z,DC-440Z,DC-620Z,DC-620ZS,DC-660Z,DC-1200Z",Evaporator Fan Assembly - Mini 360/Plus 440Z/Max 620/Max 620S/Max 660/Ultra 1200,3101000255,EVAP-FAN-ASSY-Z-SERIES,Evaporator Fan Assembly - Mini 360/Plus 440Z/Max 620/Max 620S/Max 660/Ultra 1200
"DC-440D,DC-542D",Evaporator Fan Assembly - Plus 440D/Pro 542,3101000214,EVAP-FAN-ASSY-440D-542D,Evaporator Fan Assembly - Plus 440D/Pro 542
DD-550D,Evaporator Fan Assembly - Freezer 550,3101000228,EVAP-FAN-ASSY-550D,Evaporator Fan Assembly - Freezer 550
"DC-360Y,DC-360Z",Condenser Fan Motor - Mini 360,3101000212,COND-FAN-MTR-360,Condenser Fan Motor - Mini 360
DC-440D,Condenser Fan Motor - Plus 440D,3101000220,COND-FAN-MTR-440D,Condenser Fan Motor - Plus 440D
,Condenser Fan Motor - Pro 542,3101000166,COND-FAN-MTR-542D,Condenser Fan Motor - Pro 542
,Condenser Fan Motor - Freezer 550,3101000226,COND-FAN-MTR-550D,Condenser Fan Motor - Freezer 550
,Condenser Fan Blade - Mini 360/Plus 440Z/Max 620/Max 620S/Max 660/Ultra 1200,3401000133,COND-BLD-Z-SERIES,Condenser Fan Blade - Mini 360/Plus 440Z/Max 620/Max 620S/Max 660/Ultra 1200
,Condenser Fan Blade - Pro 542,3101000244,COND-BLD-542D-115V60HZ,Condenser Fan Blade - Pro 542
,Condenser Fan Blade - Plus 440D,3101000242,COND-BLD-440D-115V60HZ,Condenser Fan Blade - Plus 440D
,Condenser Fan Blade - Freezer 550,3101000243,COND-BLD-550D-115V60HZ,Condenser Fan Blade - Freezer 550
"DC-360Z,DC-360Y",Condenser Coil - Mini 360,3101000238,COND-COIL-360,Condenser Coil - Mini 360
DC-440D,Condenser Coil - Plus 440D,3101000219,COND-COIL-440D,Condenser Coil - Plus 440D
"DC-660Z,DC-620ZS,DC-620Z",Condenser Coil - Max 620/Max 620S/Max 660,3101000251,COND-COIL-620Z-ZS-660Z,Condenser Coil - Max 620/Max 620S/Max 660
DC-542D,Condenser Coil - Pro 542,3101000213,COND-COIL-542D,Condenser Coil - Pro 542
DD-550D,Condenser Coil - Freezer 550,3101000225,COND-COIL-550D,Condenser Coil - Freezer 550
DC-1200Z,Condenser Coil - Ultra 1200,3101000192,COND-COIL-1200Z,Condenser Coil - Ultra 1200
,Compressor - Mini360,3101000236,COM-360Z/Y,Compressor - Mini360
,Compressor - Plus 440Z/Max 620/Max 660,3101000250,COMP-440Z-620Z-660Z,Compressor - Plus 440Z/Max 620/Max 660
,Compressor - Plus 440D,3101000222,COMP-440D,Compressor - Plus 440D
,Compressor - Pro 542,3101000167,COMP-542D,Compressor - Pro 542
,Compressor - Freezer 550,3101000259,COMP-550D,Compressor - Freezer 550
,Compressor - Ultra 1200,3101000292,COMP-1200Z,Compressor - Ultra 1200
,Temperature Sensor - Mini 360/Plus 440Z/Max 620/Max 660/Ultra 1200,3101000245,SNSR-TEMP-Z-SERIES,Temperature Sensor - Mini 360/Plus 440Z/Max 620/Max 660/Ultra 1200
,Temperature Sensor - Plus 440D/Pro 542,3101000202,SNSR-TEMP-440D-542D,Temperature Sensor - Plus 440D/Pro 542
,Temperature Sensor - Freezer 550,3101000203,SNSR-TEMP-550D,Temperature Sensor - Freezer 550
,Defrost Sensor - Freezer 550,3101000204,SNSR-DFR-550D,Defrost Sensor - Freezer 550
,Compressor Overload Protector - Mini 360,3101000281,COMP-OLP-360Z,Compressor Overload Protector - Mini 360
,Compressor Overload Protector - Plus 440D,3101000273,COMP-OLP-440D-B100,Compressor Overload Protector - Plus 440D
,Compressor Overload Protector V1 - Pro 542,3101000267,COMP-OLP-542D-QPS2,Compressor Overload Protector V1 - Pro 542
,Compressor Overload Protector V2- Pro 542,3101000269,COMP-OLP-542D-B123,Compressor Overload Protector V2- Pro 542
,Compressor Overload Protector - Freezer 550,3101000277,COMP-OLP-550D-B200,Compressor Overload Protector - Freezer 550
,Compressor Overload Protector - Plus 440Z/Max 620/Max 660,3101000285,COMP-OLP-440Z-620-660ZS,Compressor Overload Protector - Plus 440Z/Max 620/Max 660
,Compressor Overload Protector - Ultra 1200,3101000289,COMP-OLP-1200Z,Compressor Overload Protector - Ultra 1200
,Compressor Starter - Mini 360,3101000280,COMP-STARTER-360Z,Compressor Starter - Mini 360
,Compressor Starter - Plus 440D,3101000272,COMP-STARTER-440D,Compressor Starter - Plus 440D
,Compressor Starter V1 - Pro 542,3101000266,COMP-STARTER-542D-QPS2,Compressor Starter V1 - Pro 542
,Compressor Starter V2 - Pro 542,3101000268,COMP-STARTER-542D-QPE2,Compressor Starter V2 - Pro 542
,Compressor Starter - Freezer 550,3101000276,COMP-STARTER-550D-,Compressor Starter - Freezer 550
,Compressor Starter - Plus 440Z/Max 620/Max 660,3101000284,COMP-STARTER-440Z-620-660ZS,Compressor Starter - Plus 440Z/Max 620/Max 660
,Compressor Starter - Ultra 1200,3101000288,COMP-STARTER-1200Z,Compressor Starter - Ultra 1200
Universal,Snack Pusher Front Extension Insert - Universal,3402000163,PUSHER-SNACK-FR-EXT-INS,Snack Pusher Front Extension Insert - Universal
Universal,Cellular Module OPTCONNECT - Universal,INTERNAL,CELL-MOD-YF325-OPT,Cellular Module OPTCONNECT - Universal
Universal,Cellular Module KORE - Universal,INTERNAL,CELL-MOD-YF325-KORE,Cellular Module KORE - Universal
"DC-360Z,DC-360Y",Full Cabinet Wrap - Mini 360,REV.2605,WRAP-360,Full Cabinet Wrap - Mini 360
DC-440D,Full Cabinet Wrap - Plus 440D,REV.2605,WRAP-440D,Full Cabinet Wrap - Plus 440D
DC-440Z,Full Cabinet Wrap - Plus 440Z,REV.2605,WRAP-440Z,Full Cabinet Wrap - Plus 440Z
DC-542D,Full Cabinet Wrap - Pro 542,REV.2605,WRAP-542,Full Cabinet Wrap - Pro 542
DC-620Z,Full Cabinet Wrap - MAX 620,REV.2605,WRAP-620Z-ZS,Full Cabinet Wrap - MAX 620
DD-550D,Full Cabinet Wrap - Freezer 550,REV.2605,WRAP-550,Full Cabinet Wrap - Freezer 550
DC-1200Z,Full Cabinet Wrap - Ultra 1200,REV.2605,WRAP-1200,Full Cabinet Wrap - Ultra 1200
All Single Door Models,PAX Mounting Bracket - Single-Door Models,3401000104,BRKT-PAX-SD,PAX Mounting Bracket - Single-Door Models
DC-542D,Divider - Pro 542 - V2,3402000177,DIVIDER-542D-V2,Divider - Pro 542 - V2
Universal,SIM Card VK - TESTING - Universal,INTERNAL TEST,SIM-KORE-SUPER,SIM Card VK - TESTING - Universal
